ID,"Vendor Name",Address,Address2,City,State,Postal,Country,"Address Type","Deleted At","Created At","Updated At"
1,"Cedar Data 2","355 Montana Trail",,Murphy,TX,75094,"United States",billing,,"2024-01-10 20:19:45","2024-01-10 20:19:45"
2,"Cedar Construction","409 Gene Autry Lane",,Murphy,TX,75094,"United States",billing,,"2024-01-10 20:24:36","2024-01-10 20:24:36"
3,TYSGlobal,"Block 15 Lot 43 Phase A Pearl Residences Baranggay Capipisa","Tanza Cavite",Tanza,Cavite,41081,Philippines,billing,,"2024-01-10 21:02:08","2024-01-10 21:02:08"
4,aahajdhlas,"Block 15 Lot 43 Phase A Pearl Residences Baranggay Capipisa","Tanza Cavite",Tanza,Cavite,41081,Philippines,billing,,"2024-01-10 21:04:05","2024-01-10 21:04:05"
5,"Chris Weaks","5304 Rutledge Ct",,"The Colony",TX,75056,USA,billing,,"2024-01-10 21:15:22","2024-01-10 21:15:22"
6,"Pusher Signs","1612 W 7th Ave",,Corsicana,TX,75110,USA,billing,,"2024-01-12 18:31:14","2024-01-12 18:31:14"
7,"Mister Sign Man","896 N Mill St","Suite 208",Lewisville,TX,75057,USA,billing,,"2024-01-12 18:59:58","2024-01-12 18:59:58"
8,"Baker's Signs & Manufacturing Inc","11201 FM 1485 Rd",,"Conroe ",TX,77306,USA,billing,,"2024-01-12 20:43:08","2024-01-12 20:43:08"
9,"Empire Canopy Sign & Construction","3111 Lone Star Lane ",,Pinehurst,TX,77362,USA,billing,,"2024-01-12 21:06:58","2024-01-12 21:06:58"
10,"Image 212","4451 Dale Earnhardt Way Unit D12",,Northlake,TX,76262,"Denton County",billing,,"2024-01-12 21:35:20","2024-01-12 21:35:20"
11,"Image 212","4451 Dale Earnhardt Way Unit D4",,Northlake,TX,76262,"Denton County",,,"2024-01-12 21:35:20","2024-01-12 21:35:20"
12,"Industry Sign LLC","534 Sandan ",,"San Antonio",TX,78216,USA,billing,,"2024-01-12 22:18:43","2024-01-12 22:18:43"
13,"Leon's Signs Inc","PO Box 4788 ",,Tyler,TX,75712,"Smith County",billing,,"2024-01-15 15:12:09","2024-01-15 15:12:09"
14,"Leon's Signs Inc","851 E NE Loop 323",,Tyler,TX,75708,"Smith County",shipping,,"2024-01-15 15:12:09","2024-01-15 15:12:09"
15,"Prestige Signs and Lighting","620 Canwn St",,"Grand Prairie",TX,75051,USA,billing,,"2024-01-15 15:36:25","2024-01-15 15:36:25"
16,"Prestige Signs and Lighting","129 NW Hillery St",,Burleson,TX,76028,USA,shipping,,"2024-01-15 15:36:25","2024-01-15 15:36:25"
17,"SCA Sign Group, LLC","15825 State Highway 249","Suite 16",ouston,TZ,77086,USA,billing,,"2024-01-15 16:13:34","2024-01-15 16:13:34"
18,"Sign This Designs of Waco","530 N New Road",,Waco,TX,76710,USA,billing,,"2024-01-15 16:34:32","2024-01-15 16:34:32"
19,"Southwest Texas Sign Service","PO BOX 23320",,"San Antonio",TX,78223,USA,billing,,"2024-01-15 17:12:14","2024-01-15 17:12:14"
20,"Southwest Texas Sign Service","7280 S WW White Rd. ",,"San Antonio ",TX,78222,USA,shipping,,"2024-01-15 17:12:14","2024-01-15 17:12:14"
21,"Stallion Signs LLC","3432 Copeland Dr",,"San Antonio",TX,78219,USA,billing,,"2024-01-15 17:41:33","2024-01-15 17:41:33"
22,"Texas Signs Inc.","11034 Shady Trail","Suite 128","Dallas ",TX,75229,USA,billing,,"2024-01-15 17:54:07","2024-01-15 17:54:07"
23,"True Sign Experts","36417 Richard Frey Rd",,Waller,TX,77484,USA,billing,,"2024-01-15 19:16:22","2024-01-15 19:16:22"
24,"Glacier Signs","1720 E 59th Ave",,Anchorage,Alaska,99507,USA,billing,,"2024-01-15 19:37:12","2024-01-15 19:37:12"
25,"Advance Sign & Lighting LLC","PO Box 128",,"Gardendale ",Alabama,35071,USA,billing,,"2024-01-15 20:19:09","2024-01-15 20:19:09"
26,"Advanced Lighting & Sign Service","510 W Post Rd, Bldg A-2",,Rogers,AR,72758,USA,billing,,"2024-01-15 20:56:56","2024-01-15 20:56:56"
27,"Best Sign Group","2862 W Walnut St",,"Rogers ",AR,72756,USA,billing,,"2024-01-15 21:20:36","2024-01-15 21:20:36"
28,"Cupples Sign Company","208 Jones Rd ",,Paragould,AR,72450,USA,billing,,"2024-01-15 21:46:38","2024-01-15 21:46:38"
29,"Signs Studio LLC","1861 N Main St",,"Cave Springs",AR,71718,USA,billing,,"2024-01-15 22:16:27","2024-01-15 22:16:27"
30,"A-Ace Sign Co LLC","4546 B - 10 EL Camino","Real Ste 272","Los Altos ",CA,94022,USA,billing,,"2024-01-15 22:38:24","2024-01-15 22:38:24"
31,"A-Ace Sign Co LLC","1804 Garnet Ave #472",,"San Diego",CA,92109,USA,shipping,,"2024-01-15 22:38:24","2024-01-15 22:38:24"
32,"A Good Sign & Graphics Co","2110 S Susan St",,"Santa Ana",CA,92704,USA,billing,,"2024-01-15 22:57:52","2024-01-15 22:57:52"
33,"Los Angeles Sign Company","3505 Motor Ave",,"Los Angeles",CA,90039,USA,billing,,"2024-01-16 15:15:02","2024-01-16 15:15:02"
34,"Seismic Signs","13771 Danielson St","Suite F",Poway,CA,92064,USA,billing,,"2024-01-16 15:34:51","2024-01-16 15:34:51"
35,"3x Signs","455 W La Cadena Dr.","Suite #8",Riverside,CA,92501,USA,billing,,"2024-01-16 15:53:46","2024-01-16 15:53:46"
36,"MB Sign Group Inc.","1586 Shallcross Ave",,Orlando,FL,32828,USA,billing,,"2024-01-16 16:22:01","2024-01-16 16:22:01"
37,"Chilton Led LLC","7102 Summit Dr",,"Winterhaven ",FL,33884,USA,billing,,"2024-01-16 16:49:35","2024-01-16 16:49:35"
38,"Chilton Led LLC","28597 Hwy 27",,Dundee,FL,33838,USA,shipping,,"2024-01-16 16:49:35","2024-01-16 16:49:35"
39,"Interstate Sign & Light","1020 Savage Ct",,"Longwood ",FL,32750,USA,billing,,"2024-01-16 17:05:07","2024-01-16 17:05:07"
40,"Next Day Signs","4803 Geroge Rd Ste 370",,"Tampa ",FL,33634,USA,billing,,"2024-01-16 17:14:48","2024-01-16 17:14:48"
41,"Signs by Design of North Florida Inc","6766 Circle J Dr. ",,Tallahassee,FL,32312,USA,billing,,"2024-01-16 17:32:03","2024-01-16 17:32:03"
42,"Signs by Design of North Florida Inc","251 Fortune Blvds.",,"Mdway ",FL,32343,USA,,,"2024-01-16 17:32:03","2024-01-16 17:32:03"
43,"Signs Connection Inc","1881 79th St Causeway","Suite #1706","Miami Beach",FL,33141,USA,billing,,"2024-01-16 17:45:03","2024-01-16 17:45:03"
44,"Signs Connection Inc","7330 NE 4th Ct","Suite 102","Miami ",FL,33138,USA,shipping,,"2024-01-16 17:45:03","2024-01-16 17:45:03"
45,"Apollo Sign & Light","PO Box 1147",,"Alpharetta ",GA,30009,USA,billing,,"2024-01-16 18:08:17","2024-01-16 18:08:17"
46,"Apollo Sign & Light","1238 Logan Cr NW",,Atlanta,GA,30318,USA,shipping,,"2024-01-16 18:08:17","2024-01-16 18:08:17"
47,"Georgia Signs Inc","314 Grove View Ct",,"Dacula ",GA,30019,USA,billing,,"2024-01-16 18:36:54","2024-01-16 18:36:54"
48,"Installation Signs Services LLC ","4847 Greenway Rd NW",,Norcross,GA,30071,USA,billing,,"2024-01-16 18:59:15","2024-01-16 18:59:15"
49,"Installation Signs Services LLC ","5300 Oakbrook Pkwy",Suite340,Norcross,GA,30093,USA,shipping,,"2024-01-16 18:59:15","2024-01-16 18:59:15"
50,"Nitro Signs","235 Rose Dr",,Brunswick,GA,31520,USA,billing,,"2024-01-16 19:14:29","2024-01-16 19:14:29"
51,"North Atlanta Installation","48 Bloodroot Dr",,"Cleveland ",GA,30528,USA,billing,,"2024-01-16 19:27:07","2024-01-16 19:27:07"
52,"Professional Sign Services","PO Box 4232",,Chattanooga,TN,37405,USA,billing,,"2024-01-16 19:47:34","2024-01-16 19:47:34"
53,"Professional Sign Services","165 Hamn Rd",,Chattanooga,TN,37405,USA,shipping,,"2024-01-16 19:47:34","2024-01-16 19:47:34"
54,"Providential Sign Works","1220 Kennestone Cr","Suite 102",Marietta,GA,30066,USA,billing,,"2024-01-16 20:04:32","2024-01-16 20:04:32"
55,"Signal Signs of GA","440 Six Flags Pkwy",,Mableton,GA,30126,USA,billing,,"2024-01-16 21:36:19","2024-01-16 21:36:19"
56,"Signs of Intelligence","6611 Bay Cr ","Suite 100",Norcross,GA,30071,USA,billing,,"2024-01-16 21:56:34","2024-01-16 21:56:34"
57,"The Sign Store Online Inc ","PO Box 20776",,Macon,GA,31205,USA,billing,,"2024-01-16 22:21:13","2024-01-16 22:21:13"
58,"The Sign Store Online Inc ","1836 Broadway",,Macon,GA,31201,USA,shipping,,"2024-01-16 22:21:13","2024-01-16 22:21:13"
59,"Big River Sign Co Inc","3067 Cedar Crest Ct","Suite B",Duburque,IA,52003,USA,billing,,"2024-01-16 22:47:19","2024-01-16 22:47:19"
60,"Monitor Sign Inc","PO Box 61",,Mattoon,IL,61938,USA,billing,,"2024-01-17 15:39:32","2024-01-17 15:39:32"
61,"Monitor Sign Inc","316 N Division St",,Mattoon,IL,61938,USA,shipping,,"2024-01-17 15:39:32","2024-01-17 15:39:32"
62,"Omega Sign & Lighting","1401 W Jeffry Dr",,Addison,IL,60101,USA,billing,,"2024-01-17 15:47:32","2024-01-17 15:47:32"
63,"Mary Your Space","1245 Humbracht Cr","Unit C",Bartlett,IL,60103,USA,billing,,"2024-01-17 16:20:08","2024-01-17 16:20:08"
64,"Midwest Signs","8560 E 30th St Suite A",,Indianapolis,IN,46219,USA,billing,,"2024-01-17 16:52:19","2024-01-17 16:52:19"
65,"NU-Line Signs LLC","3310 W Central",,Wichita,KS,67203,USA,billing,,"2024-01-17 17:12:04","2024-01-17 17:12:04"
66,"Hoard Custom Signs ","9070 Nortonville Rd",,Nortonville,KY,42408,USA,billing,,"2024-01-17 17:24:15","2024-01-17 17:24:15"
67,"Hoard Custom Signs ","640  E Center St",,Madisonville,KY,42431,USA,shipping,,"2024-01-17 17:24:15","2024-01-17 17:24:15"
68,"Louisville Custom Signs","4530 Bishop Lane, ","Suite 108",Louisville,KY,40218,USA,billing,,"2024-01-17 17:43:12","2024-01-17 17:43:12"
69,"Caddo Sign LLC","8045 Conley Rd",,Vivian,LA,71082,USA,billing,,"2024-01-17 18:01:33","2024-01-17 18:01:33"
70,"Caddo Sign LLC","9333 Waller Rd","Suite B",Shreveport,LA,71118,USA,shipping,,"2024-01-17 18:01:33","2024-01-17 18:01:33"
71,"Mid South Signs","9078 Yahweh Rd",,"Olive Branch",MS,38654,USA,billing,,"2024-01-17 19:48:00","2024-01-17 19:48:00"
72,"Braille Sign Pros LLC","11937 316th St",,Lindstrom,MN,55045,USA,billing,,"2024-01-17 20:13:45","2024-01-17 20:13:45"
73,"Horizon Sign Company","1011 Hanley Industrial Ct",,"St Louis",MO,63144,USA,billing,,"2024-01-17 20:42:11","2024-01-17 20:42:11"
74,"Infinity Sign System","PO Box 300228",,"Kansas City",MO,64130,USA,billing,,"2024-01-17 21:02:03","2024-01-17 21:02:03"
75,"Infinity Sign System","4900 Lister Ave",,"Kansas City",MO,64130,USA,shipping,,"2024-01-17 21:02:03","2024-01-17 21:02:03"
76,"Ayres Sign Company Inc","18787 Business 13",,"Branson West",MO,65737,USA,billing,,"2024-01-17 21:31:46","2024-01-17 21:31:46"
77,"Roderick Sign Co., Inc.","1621 Frederick ave.",,"St. Joseph",MO,64501,USA,billing,,"2024-01-17 21:56:44","2024-01-17 21:56:44"
78,"Kansas City Sign Company","8248 NW 101st Terrace"," Suite 13","Kansas City",MO,64153,USA,billing,,"2024-01-17 22:47:22","2024-01-17 22:47:22"
79,"Lancaster Signs","4403 S Range Line Rd",,Joplin,MO,64804,USA,billing,,"2024-01-17 22:59:20","2024-01-17 22:59:20"
80,"Sign Dimentions LLC","11820 Cr 3080",,Rolla,MO,65401,USA,billing,,"2024-01-18 15:42:23","2024-01-18 15:42:23"
81,"See More Signs","7931 Wornall Rd",,"Kansas City",MO,64114,USA,billing,,"2024-01-18 16:05:16","2024-01-18 16:05:16"
82,"Ziglin Signs Inc","540 Vossbrink Dr",,Washington,MO,63090,USA,billing,,"2024-01-18 16:55:11","2024-01-18 16:55:11"
83,"Ziglin Signs Inc","2109 Rust Ave",,"Cape Giradeau",MO,63703,USA,,,"2024-01-18 16:55:11","2024-01-18 16:55:11"
84,"All Signs & Graphics LLC","301 Hope Mells Rd",,Fayetteville,NC,28304,USA,billing,,"2024-01-18 17:22:15","2024-01-18 17:22:15"
85,"Bender Signs","8400 US Hwy 17",,Pollocksville,NC,28573,USA,billing,,"2024-01-18 17:36:06","2024-01-18 17:36:06"
86,"Blue Roots Marketing LLC","PO Box 79315",,Charlotte,NC,28271,USA,billing,,"2024-01-18 17:59:50","2024-01-18 17:59:50"
87,"Blue Roots Marketing LLC","521 Eagleton Dolors Dr","Suite D",Pineville,NC,28134,USA,shipping,,"2024-01-18 17:59:50","2024-01-18 17:59:50"
88,"Bull City Signs LLC","3158 Hillsborough Rd",,Durham,NC,27705,USA,billing,,"2024-01-18 18:15:52","2024-01-18 18:15:52"
89,"Carolina Signs and Wonders","8630 Monroe Rd",,Charlotte,NC,28212,USA,billing,,"2024-01-18 18:32:35","2024-01-18 18:32:35"
90,Electech,"1020 Cedar Point Blvd",,"Cedar Point",NC,28584,USA,billing,,"2024-01-18 18:55:26","2024-01-18 18:55:26"
91,"Carolina Custom Signs & Graphics","1100 N O'Henry Blvd",,Greensboro,NC,27405,USA,billing,,"2024-01-18 19:25:01","2024-01-18 19:25:01"
92,"Coast to Coast Signs LLC","3180 East outer Rd N",,"Scott City",MO,63780,USA,billing,,"2024-01-18 20:33:26","2024-01-18 20:33:26"
93,"Hiw Way Signs ","325 Gregg St ",,Archdale,NC,27263,USA,billing,,"2024-01-18 20:43:37","2024-01-18 20:43:37"
94,"K&L Signs","1017 Ramsey Rd.",," Jacksonville","North Carolina",28576,USA,billing,,"2024-01-18 20:59:07","2024-01-18 20:59:07"
95,"McCorkle Signs Company","1107 E Geer ST",,Durham,"North Carolina",27704,USA,billing,,"2024-01-18 21:19:35","2024-01-18 21:19:35"
96,"SignCraft Solutions, LLC","4154 Shaeron Farm Avenue 109",,"Wake Forest","North Carolina",27587,USA,billing,,"2024-01-18 21:35:21","2024-01-18 21:35:21"
97,"SignSmith Inc","1709 Evans St",,Greenville,"North Carolina",27834,USA,billing,,"2024-01-18 21:51:29","2024-01-18 21:51:29"
98,"Mercury Signs ","7306 Self Storage Rd",,Apex,NC,27523,USA,billing,,"2024-01-18 22:12:23","2024-01-18 22:12:23"
99,"Signs & Tint Inc","801 Staton Rd",,Greenville,NC,27834,USA,billing,,"2024-01-18 22:42:49","2024-01-18 22:42:49"
100,"Signs by Tomorrow","4533 West Market St",,Greensboro,NC,27407,USA,billing,,"2024-01-18 22:59:44","2024-01-18 22:59:44"
101,"Simon Sign Erection Co, Inc","2729 St Louis Ave",,"St Louis",MO,63106,USA,billing,,"2024-01-19 15:19:31","2024-01-19 15:19:31"
102,"Blazing Visuals ","2138 Bridge Ave",,"Point Pleasant Beach",NJ,08742,USA,billing,,"2024-01-19 15:48:06","2024-01-19 15:48:06"
103,"Native Signs ","8203 State Hwy 65",,Branson,MO,65616,USA,billing,,"2024-01-19 16:16:50","2024-01-19 16:16:50"
104,"Effective Sign Works","1208 Columus Rd ","Suite F",Burlington,NJ,08016,USA,billing,,"2024-01-19 16:37:26","2024-01-19 16:37:26"
105,"Impact Signs Awnings Wrap","22705 N Hwy 65",,Sedalia,MO,65301,USA,billing,,"2024-01-19 17:00:38","2024-01-19 17:00:38"
106,"Insignia Signs and Wraps","335 Bismark Rd","Unit C1","Jackson Township",NJ,08527,USA,billing,,"2024-01-19 17:20:58","2024-01-19 17:20:58"
107,"Mark-O-Lite Sign Co","1420 Rt 9 South",,Howell,NJ,07731,USA,billing,,"2024-01-19 17:41:24","2024-01-19 17:41:24"
108,"Protos Group","20 Argyle Place",,"North Arlington",NJ,07031,USA,billing,,"2024-01-19 17:52:34","2024-01-19 17:52:34"
109,"Portales Signman Signs LLC","208 N Ave A",,Portales,NM,88130,USA,billing,,"2024-01-19 18:25:24","2024-01-19 18:25:24"
110,"Cad Signs","169 Lodi St ",,Hackensack,NJ,07601,USA,billing,,"2024-01-19 18:49:14","2024-01-19 18:49:14"
111,"Quorom Group LLC","11601 Maple Ridge Rd",,Medina,NY,14103,USA,billing,,"2024-01-19 19:11:37","2024-01-19 19:11:37"
112,"Morrison Sign","2757 Scioto Parkway",,Columbus,OH,43221,USA,billing,,"2024-01-19 19:31:19","2024-01-19 19:31:19"
113,"Sign Dynamics","2781 Thunderhawk Ct",,Dayton,OH,45414,USA,billing,,"2024-01-19 19:54:47","2024-01-19 19:54:47"
114,"Vantage Signs","6 S State Route 202",,Troy,OH,45373,USA,billing,,"2024-01-19 20:16:01","2024-01-19 20:16:01"
115,"Drake & Co Sign Services","PO Box 863",,Tahlequan,OK,74465,USA,billing,,"2024-01-19 21:25:01","2024-01-19 21:25:01"
116,"Drake & Co Sign Services","12050 Hwy 51",,Tahlequah,OK,74464,USA,shipping,,"2024-01-19 21:25:01","2024-01-19 21:25:01"
117,"Encinos 3d Signs","9810 E 58th St",,Tulsa,OK,74146,USA,billing,,"2024-01-19 21:36:39","2024-01-19 21:36:39"
118,"Frank N Sign","1205 A Air Depot #236",,"Midwest City",OK,73110,USA,billing,,"2024-01-19 21:51:34","2024-01-19 21:51:34"
119,"Galaxie Sign Co","414 A St NE",,Ardmore,OK,73401,USA,billing,,"2024-01-19 22:24:39","2024-01-19 22:24:39"
120,"K Signs LLC","120 Devon Rd ",,Chalfont,PA,19006,USA,billing,,"2024-01-19 22:44:10","2024-01-19 22:44:10"
121,"K Signs LLC","1940 Pioneer Rd ",,"Huntingdon Valley",PA,19006,USA,shipping,,"2024-01-19 22:44:10","2024-01-19 22:44:10"
122,"The Sign Guys","PO Box 707",,Sharon,PA,16146,USA,billing,,"2024-01-19 22:54:57","2024-01-19 22:54:57"
123,"The Sign Guys","1 Victor Way",,Sharon,PA,16146,USA,shipping,,"2024-01-19 22:54:57","2024-01-19 22:54:57"
124,Fastsigns,"4735 S Memorial",,Tulsa,OK,74145,USA,billing,,"2024-01-22 16:12:46","2024-01-22 16:12:46"
125,"Midwest Signworks","11826 N Yale Ave",,Sperry,OK,74073,USA,billing,,"2024-01-22 16:33:19","2024-01-22 16:33:19"
126,"Midwest Signworks","915 N 33rd West Ave",,Tulsa,OK,74127,USA,shipping,,"2024-01-22 16:33:19","2024-01-22 16:33:19"
127,"Precision Sign","6525 E 40th St",,"Tulsa ",OK,74145,"USA ",billing,,"2024-01-22 17:04:19","2024-01-22 17:04:19"
128,"Sign Engineering LLC","PO Box 1179",,Guaynabo,PR,00970,USA,billing,,"2024-01-22 17:46:17","2024-01-22 17:46:17"
129,"Sign Engineering LLC","Qde. Arenas Ind. ark","PR#1 Km 25.0",Caguas,PR,00725,USA,shipping,,"2024-01-22 17:46:17","2024-01-22 17:46:17"
130,"Sign Innovations","1333 SE 38th ",,"Oklahoma City",OK,73129,USA,billing,,"2024-01-22 18:06:41","2024-01-22 18:06:41"
131,"Over The Top USA","139 Paytons Creek Rd",,"Pleasant Shade",TN,37145,USA,billing,,"2024-01-22 18:27:30","2024-01-22 18:27:30"
132,"The Austin Sign Factory","10421 Old Manchaca Rd","Suite 510",Austin,TX,78748,USA,billing,,"2024-01-22 18:54:10","2024-01-22 18:54:10"
133,"Bastrop Signs","248 Highway 304",,Bastrop,TX,78602,USA,billing,,"2024-01-22 19:11:44","2024-01-22 19:11:44"
134,"Cypress Signs LLC","12919 Oakwood Manor Dr",,Cypress,TX,77429,USA,billing,,"2024-01-22 19:32:30","2024-01-22 19:32:30"
135,"Elite Imaging and Signs ","116 Wooded Creek Dr",,"Red Oak",TX,75154,USA,billing,,"2024-01-22 20:53:50","2024-01-22 20:53:50"
136,"Elite Imaging and Signs ","4230  Troy Rd",,Wylie,TX,75098,USA,shipping,,"2024-01-22 20:53:50","2024-01-22 20:53:50"
137,"Benken's Sign Co LLC","PO box 1555 ",,Whitehouse,TX,75791,USA,billing,,"2024-01-22 21:14:56","2024-01-22 21:14:56"
138,"Benken's Sign Co LLC","Freight 17968 FM 2493 ","Unit 19",Flint,TX,75762,USA,shipping,,"2024-01-22 21:14:56","2024-01-22 21:14:56"
139,"Benken's Sign Co LLC","Reg 1712 Waterway CV",,Whitehouse,TX,75791,USA,shipping,,"2024-01-22 21:14:56","2024-01-22 21:14:56"
140,"KR Enterprises Sign LLC","1813  Capital Dr","Suite 400","Tyler ",TX,75701,USA,billing,,"2024-01-22 21:44:36","2024-01-22 21:44:36"
141,"Express Lighting & Sign Maintenance","4311 SW 119th St",,"Oklahoma City",OK,73173,USA,billing,,"2024-01-22 22:02:35","2024-01-22 22:02:35"
142,"J&A Signs Inc.","3129 Lackland RD",,"Fort Worth",Texas,76116,USA,billing,,"2024-01-22 22:21:46","2024-01-22 22:21:46"
143,"Jackson Signs & Lighting","P. O. Bcx 23087",,Waco,Texas,76702,USA,billing,,"2024-01-22 22:37:12","2024-01-22 22:37:12"
144,"Sign Dynamic LLC","301 SW B Ave",,Lawton,OK,73501,OK,billing,,"2024-01-23 15:06:42","2024-01-23 15:06:42"
145,"Sign Smiths of Texas LLC","302 Paul Wilson Rd",,"Wylie ",TX,75098,USA,billing,,"2024-01-23 15:31:12","2024-01-23 15:31:12"
146,"Texas Custom Signs","2007 Windy Terrace",,"Cedar Park ",TX,78613,USA,billing,,"2024-01-23 15:53:27","2024-01-23 15:53:27"
147,"Creative Signs","2333 N 200 E",,"Spanish Fork",UT,84660,USA,billing,,"2024-01-23 16:25:37","2024-01-23 16:25:37"
148,"KB Signs LLC","5247 S Commerce Dr",,Murray,UT,84107,USA,billing,,"2024-01-23 16:45:15","2024-01-23 16:45:15"
149,"Timpanogos Custom Signs","933 E 1910 S",Suite100,Provo,UT,84606,USA,billing,,"2024-01-23 17:09:45","2024-01-23 17:09:45"
150,"Rainbow Sign & Banner","181 E Riverside Dr",,"St George",UT,84790,USA,billing,,"2024-01-23 17:29:36","2024-01-23 17:29:36"
151,"Image SIgn","11474 D TAra Woods Ln",,"South Jordan ",UT,84095,USA,billing,,"2024-01-23 17:48:44","2024-01-23 17:48:44"
152,"Image SIgn","12 R","1550 W",Lindon,UT,84042,USA,shipping,,"2024-01-23 17:48:44","2024-01-23 17:48:44"
153,"U- Design Marketing","PO BOx 708490",,"Sandy ",UT,84070,USA,billing,,"2024-01-23 18:23:58","2024-01-23 18:23:58"
154,"U- Design Marketing","9310 S 370 W",,Sandy,UT,84070,USA,,,"2024-01-23 18:23:58","2024-01-23 18:23:58"
155,"Superior Sign Inc","PO Box 3262",,Logan,UT,34323,USA,billing,,"2024-01-23 19:59:32","2024-01-23 19:59:32"
156,"Superior Sign Inc","76 W Center St",,Logan,UT,84321,USA,,,"2024-01-23 19:59:32","2024-01-23 19:59:32"
157,"Star Sign","1060 East Tabernacle St",,"Saint George ",UT,84770,USA,billing,,"2024-01-23 20:06:21","2024-01-23 20:06:21"
158,"Bristol Sign Company Walden, LLC","PO Box 16938",,"Bristol, City",Virginia,24202,USA,billing,,"2024-01-23 20:35:30","2024-01-23 20:35:30"
159,"Bristol Sign Company Walden, LLC","6870 Gate City Highway",,"Bristol City",Virginia,24202,USA,shipping,,"2024-01-23 20:35:30","2024-01-23 20:35:30"
160,"Beach Sign and Design","2424 Castleton Commerce Way Unit 1101",,"Virginia Beach",Virginia,23456,USA,billing,,"2024-01-23 20:43:36","2024-01-23 20:43:36"
161,"Hightech signs","2165 Seminole Trail",,Charlottesville,Virginia,22901,USA,billing,,"2024-01-23 20:50:31","2024-01-23 20:50:31"
162,"Valkyrie Signs","1325 S 500 E #306 ",,"American Fork",UT,84003,USA,billing,,"2024-01-23 21:24:17","2024-01-23 21:24:17"
163,"Scotty Signs","340 Ed Wright Ln",,"Newport News",VA,23606,USA,billing,,"2024-01-23 22:07:30","2024-01-23 22:07:30"
164,"Shenandoah Sign Company","220 Frontier Dr",,Staunton,VA,24401,USA,billing,,"2024-01-23 22:24:25","2024-01-23 22:24:25"
165,"Advanced Signs LLC","1-37th St NW","Suite C",Auburn,WA,98001,USA,billing,,"2024-01-23 22:45:16","2024-01-23 22:45:16"
166,"Hanson Sign Company Inc","PO Box 928 Siverdale",,Silverdale,WA,98383,USA,billing,,"2024-01-23 23:04:59","2024-01-23 23:04:59"
167,"Hanson Sign Company Inc","6338 NW","Warehouse Way",Silverdale,WA,98383,USA,shipping,,"2024-01-23 23:04:59","2024-01-23 23:04:59"
168,"Piedmont Press & Graphics","4 0 4 B e l l e A i r UN",,"Warrenton City",Virginia,20186,USA,billing,,"2024-01-24 15:22:18","2024-01-24 15:22:18"
169,"lon Sign Group LLC","11302 Steele St S. Ste A",,Lakewood,Washington,98499,USA,billing,,"2024-01-24 15:32:52","2024-01-24 15:32:52"
170,"Mustang Signs","10379 W Clearwater Ave","Ste 110",Kennewick,Washington,99336,USA,billing,,"2024-01-24 15:42:57","2024-01-24 15:42:57"
171,"The Sign Post, Inc.","2019 E. Bakerview Rd",,Bellingham,Washington,98226,USA,billing,,"2024-01-24 15:55:41","2024-01-24 15:55:41"
172,"Turman Commerical Painters","7588 Delaware Lane","Suite 201",Vancouver,Washington,98664,USA,billing,,"2024-01-24 16:05:06","2024-01-24 16:05:06"
173,"Old Pueblo Stucco","P.O Box 24056",,Tuczon,Arizona,85734,USA,billing,,"2024-01-24 16:17:43","2024-01-24 16:17:43"
174,"Sun State Stucco","7711 n 51st Ave",#3098,Glendate,Arizona,85301,USA,billing,,"2024-01-24 16:35:43","2024-01-24 16:35:43"
175,"Prosperity Stucco LLC","7230 W Mariposa St",,"Phoeniz ",AZ,85033,USA,billing,,"2024-01-24 17:29:20","2024-01-24 17:29:20"
176,"JC's Painting & Coatings Inc","3711 S Bagley Ave ","Suite #104",Fresno,CA,93725,USA,billing,,"2024-01-24 18:30:14","2024-01-24 18:30:14"
177,"Texoma MFG LLC","PO Box 1940",,"Durant ",OK,74702,USA,billing,,"2024-01-24 19:59:18","2024-01-24 19:59:18"
178,"Texoma MFG LLC","3324 N 1st Ave",,Durant,OK,74701,USA,shipping,,"2024-01-24 19:59:18","2024-01-24 19:59:18"
179,"Enhanced Exteriors","PO Box 238",,Longmond,CO,80502,USA,billing,,"2024-01-24 20:45:58","2024-01-24 20:45:58"
180,"Demetry Thomas LLC","812 Hastings Dr",,"Osceola County",FL,34744,USA,billing,,"2024-01-24 21:08:40","2024-01-24 21:08:40"
181,"Mid - Republic Construction","9040 Town Center Parkway",,"Lakewood Ranch",FL,34202,USA,billing,,"2024-01-24 21:37:14","2024-01-24 21:37:14"
182,"Embree Painting LLC","2417 Garden Lakes Blvd","Suite C",Rome,GA,30165,USA,billing,,"2024-01-24 22:12:46","2024-01-24 22:12:46"
183,"Modern Paint","4461 Cary. Dr ",,Snellville,GA,30039,USA,billing,,"2024-01-24 22:45:06","2024-01-24 22:45:06"
184,"CONNECTICUT STUCCO CONSTRUCTION, LLC","184 Clinton Ave",,"New Haven",CT,06513,USA,billing,,"2024-01-25 15:09:44","2024-01-25 15:09:44"
185,"Atlanta Painting Company","210 West Crossville Rd",,Roswell,GA,30075,USA,billing,,"2024-01-25 15:47:57","2024-01-25 15:47:57"
186,"Knaus Property  Services LLC","2817 E 55th Pl","Suite 101 ",Indianapolis,IN,46220,USA,billing,,"2024-01-25 16:08:45","2024-01-25 16:08:45"
187,"Bradleigh Applications, Inc","2144 Priest Bridge Ct","Suite 6 ",Crofton,MD,21114,USA,billing,,"2024-01-25 16:28:12","2024-01-25 16:28:12"
188,"DÒ Boyd Inc","5905 Arbor St",,Hyattsville,MD,20781,USA,billing,,"2024-01-25 16:51:13","2024-01-25 16:51:13"
189,"Performance Exteriors LLC","2400 Arnold Town Woods Rd",,Louisville,KY,40214,USA,billing,,"2024-01-25 17:13:25","2024-01-25 17:13:25"
190,"A E Conrad","308 W 59 1/2 St",,Minneapolis,MN,55419,USA,billing,,"2024-01-25 17:53:15","2024-01-25 17:53:15"
191,"Islander Stucco Systems Inc","13307 Ruth St",,"Ocean Springs",MS,39564,USA,billing,,"2024-01-25 18:14:30","2024-01-25 18:14:30"
192,"Plaster Pro Stucco Contractors","110 Orchard St",#4c,Hackensack,NJ,07601,USA,billing,,"2024-01-25 18:36:14","2024-01-25 18:36:14"
193,"Villa Stucco Inc ","54 Jefferson Ave",,"Jersey City",NJ,07306,USA,billing,,"2024-01-25 20:07:33","2024-01-25 20:07:33"
194,"Waterloo Plastering, Inc.","PO Box 342252",,Austin,Texas,78734,USA,billing,,"2024-01-25 20:21:50","2024-01-25 20:21:50"
195,"Harbor Construction Company","4220 57th St CT NW",,"Gig Harbor",Washington,98335,USA,billing,,"2024-01-25 20:36:00","2024-01-25 20:36:00"
196,"Joseph J. Jefferson &Son, Inc. ","2560 21st Avenue W ",,Seattle,Washington,98199,USA,billing,,"2024-01-25 20:43:31","2024-01-25 20:43:31"
197,"Accent Construction","W345S5904 Waterville Rd",,Eagle,Wisconsin,53119,USA,billing,,"2024-01-25 20:54:05","2024-01-25 20:54:05"
198,"Gausman Brothers Construction LLC","1427 Main St., ",,Houlton,Wisconsin,54082,USA,billing,,"2024-01-25 21:02:24","2024-01-25 21:02:24"
199,"The Stucco Pros","4457 Ocean Heights Ave",,"Mays Landing",NJ,08330,USA,billing,,"2024-01-25 21:42:04","2024-01-25 21:42:04"
200,"Cowtown Graphics & Signs","5123 Martin Luther King Hwy",,"Forthworth ",TX,76119,USA,billing,,"2024-01-26 15:37:10","2024-01-26 15:37:10"
201,"Redsquare Signs Inc.","101 Nash St.",,Wilson,"North Carolina",27893,USA,billing,,"2024-01-26 16:03:01","2024-01-26 16:03:01"
202,"Liberty Signs, Inc.","PO Box 1259",,"Liberty Hills",Texas,78642,USA,billing,,"2024-01-26 16:11:17","2024-01-26 16:11:17"
203,"Priority Signs and Graphics","PO Box 32",,Grapevine,Texas,76099,USA,billing,,"2024-01-26 16:19:40","2024-01-26 16:19:40"
204,"Embree Painting LLC","24117 Gardenlakes Blvd","Suite C",Rome,GA,30165,USA,shipping,,"2024-01-26 22:57:49","2024-01-26 22:57:49"
205,"Donnelly Stucco Inc","2852 Moundsview Blvd",,Moundsview,MN,55112,USA,billing,,"2024-01-29 15:22:22","2024-01-29 15:22:22"
206,"Gary's Sign Service","221 Franklin Turnpike",,Danville,VA,24540,USA,billing,,"2024-01-29 16:02:44","2024-01-29 16:02:44"
207,"Sig Olsen and Sons Plastering Inc","1923 27th St South",,Moorhead,MN,56560,USA,billing,,"2024-01-29 16:29:06","2024-01-29 16:29:06"
208,"Southwest Lath & Plaster","1411 Forest Lane",,Garland,TX,75042,USA,billing,,"2024-01-29 18:06:52","2024-01-29 18:06:52"
209,"EZ Construction & More LLC","3133 Scarlet Circle ",,Charlotte,NC,28273,USA,billing,,"2024-01-29 19:06:04","2024-01-29 19:06:04"
210,"JV Elegant Stucco LLC","11402 Candlelight Ct",,Charlotte,NC,28226,USA,billing,,"2024-01-29 19:26:00","2024-01-29 19:26:00"
211,"Options Custom Signs Remodeling LLC","3 Broom CT",,"Garnet Valley",PA,19060,USA,billing,,"2024-01-29 21:17:54","2024-01-29 21:17:54"
212,"Howell Remodeling LLC","7001 Kawanee Ave, ",,Metrairie,LA,70003,USA,billing,,"2024-01-29 23:11:52","2024-01-29 23:11:52"
213,"Exquisite Construction Corp","95-15 Sutphin Blvd",,Jamaica,NY,11435,USA,billing,,"2024-01-30 15:27:38","2024-01-30 15:27:38"
214,"Exquisite Construction Corp","112-52 178 St",,Jamaica,NY,11433,USA,,,"2024-01-30 15:27:38","2024-01-30 15:27:38"
215,"Best Bid Inc","3933 Avion Park Ct B102A",,Chantilly,VA,20151,USA,billing,,"2024-01-30 15:56:44","2024-01-30 15:56:44"
216,"AA Stucco & Painting","831 Ave L ",,Dickenson,TX,77539,USA,billing,,"2024-01-30 16:38:14","2024-01-30 16:38:14"
217,"Phipps Masonry LLC","12546 Moores Chapel Rd",,Charlotte,NC,28214,USA,billing,,"2024-01-30 16:58:33","2024-01-30 16:58:33"
218,"American Exteriors LLC","64 Bonning Rd",,Newton,NJ,07860,USA,billing,,"2024-01-30 17:24:56","2024-01-30 17:24:56"
219,"Think Stucco LLC","6600 Portland Ave S",,Minneapolis,MN,55423,USA,billing,,"2024-01-30 17:42:36","2024-01-30 17:42:36"
220,"Quality Wall Systems Inc","1325 E Nine N Mile Rd",,"Highland Springs",VA,23075,USA,billing,,"2024-01-30 18:06:56","2024-01-30 18:06:56"
221,"365 Landscaping LLC","5517 Hyannis Dr",,Arlington,TX,76018,USA,billing,,"2024-01-30 18:47:03","2024-01-30 18:47:03"
222,"Dan Keenan Paint Co.","10106 Coppedge LN",,Dallas,Texas,75229,USA,billing,,"2024-01-30 20:23:32","2024-01-30 20:23:32"
223,"Factory Certified Installer","1923 Golden Heights ","Suit 208","Fort Worth",Texas,76177,"USA ",billing,,"2024-01-30 20:53:23","2024-01-30 20:53:23"
224,"K&G Construction","2350 W Cheyenne #120",,"North Las Vegas",NV,89032,USA,billing,,"2024-01-30 22:14:46","2024-01-30 22:14:46"
225,"Badgerland Plastering Inc","W1231 Heppe Rd",,"Fall River",WI,53932,USA,billing,,"2024-01-30 22:44:30","2024-01-30 22:44:30"
226,"Southern Stucco LLC","509 Oxford Ridge ",,Winder,GA,30680,USA,billing,,"2024-01-31 15:15:29","2024-01-31 15:15:29"
227,"South Texas Contractors& Roofing","323 Oak Glen Drive",,"San Antonio",TX,78209,USA,billing,,"2024-01-31 15:40:39","2024-01-31 15:40:39"
228,"Rey Signs","485 Buford Dr","Unit 212",LAWRENCEVILLE,GA,30046,USA,billing,,"2024-01-31 17:40:15","2024-01-31 17:40:15"
229,"Springtree Construction","PO Box 1618",,Bensalem,PA,19020,USA,billing,,"2024-01-31 20:48:51","2024-01-31 20:48:51"
230,"Des Moines Stucco LLC","7535 ",,"Pleasant Hill",Iowa,50327,USA,billing,,"2024-01-31 22:51:57","2024-01-31 22:51:57"
231,"Masons Drywall Plaster Stucco Inc","829. Fisher Rd",,Dartmouth,MA,02747,USA,billing,,"2024-01-31 23:12:15","2024-01-31 23:12:15"
232,"Sign Doctor","6551 Cr 180",,Bangs,TX,76823,USA,billing,,"2024-01-31 23:33:56","2024-01-31 23:33:56"
233,"Stucco by Alex Inc","PO Box 475",,Entiat,WA,98822,USA,billing,,"2024-01-31 23:46:08","2024-01-31 23:46:08"
234,"Stucco by Alex Inc","15037 Sr 97 A",,Entiat,WA,98822,USA,,,"2024-01-31 23:46:08","2024-01-31 23:46:08"
235,"New Light Painting Co","1250 Rural St",,Aurora,IL,60505,USA,billing,,"2024-02-01 00:03:41","2024-02-01 00:03:41"
236,"Arkansas Sign & Neon","8525 Distributor Dr",,"Little Rock",AR,72209,USA,billing,,"2024-02-01 18:39:56","2024-02-01 18:39:56"
237,"Arkansas Sign & Banner","11914 S Walton Blvd",,Bentonville,AR,72712,USA,billing,,"2024-02-01 19:03:20","2024-02-01 19:03:20"
238,"Gibsons Signmart","1021 Neil Dr",,Jonesboro,AR,72401,USA,billing,,"2024-02-01 19:15:36","2024-02-01 19:15:36"
239,"Ken Signs","PO Box 241 ",,Springdale,AR,72765,USA,billing,,"2024-02-01 19:27:48","2024-02-01 19:27:48"
240,"Ken Signs","2100 Powell St",,Springdale,AR,72764,USA,shipping,,"2024-02-01 19:27:48","2024-02-01 19:27:48"
241,"Benchmark Signs Inc","PO Box 493 ",,Harrison,AR,72602,USA,billing,,"2024-02-01 21:06:48","2024-02-01 21:06:48"
242,"Benchmark Signs Inc","414 S. Main St",,Harrison,AR,72601,USA,,,"2024-02-01 21:06:48","2024-02-01 21:06:48"
243,"Seiz Sign Co","1231 Central Ave",,"Hot Springs",AR,71901,USA,billing,,"2024-02-01 21:45:45","2024-02-01 21:45:45"
244,Wrapology,"4707 E Mission Blvd",,Fayetteville,AR,72703,USA,billing,,"2024-02-01 22:09:19","2024-02-01 22:09:19"
245,"C3 Signs Inc","5482 Complex St",,"San Diego",CA,92123,USA,billing,,"2024-02-01 22:29:35","2024-02-01 22:29:35"
246,"R Sign Services Inc","14404 Gramercy Place",,"City of Gardena",CA,90277,USA,billing,,"2024-02-01 23:09:28","2024-02-01 23:09:28"
247,"EMZ Sign LLC","30000 S. Central Ave ","Unit A","Los Angeles",CA,90011,USA,billing,,"2024-02-02 15:39:05","2024-02-02 15:39:05"
248,"Sequoia Signs & Graphics","110 Second Ave South","Ste 0-4",Pacheco,CA,94553,USA,billing,,"2024-02-02 17:04:41","2024-02-02 17:04:41"
249,"CI Fuentes Trucking Inc","4025 Camino Rd","Rio St 338","San Diego",CA,92108,USA,billing,,"2024-02-02 17:19:23","2024-02-02 17:19:23"
250,"MT Signs ","6208 S 29th St",,"Fort Smith",AR,72908,USA,billing,,"2024-02-02 17:54:43","2024-02-02 17:54:43"
251,"Signs & Services Co.","10980 Boatman Ave",,"Stanton ",CA,90680,USA,billing,,"2024-02-02 18:18:05","2024-02-02 18:18:05"
252,"Solano Signs","1331 Oliver Rd",,Fairfield,CA,94534,USA,billing,,"2024-02-02 18:38:21","2024-02-02 18:38:21"
253,"Signs Unlimited","6280 San Ignacio Ave","Ste K","San Jose",CA,95119,USA,billing,,"2024-02-02 19:08:45","2024-02-02 19:08:45"
254,"Economy Sign Co.","1760 NW","22nd St",Miami,Florida,33142,USA,billing,,"2024-02-02 21:41:18","2024-02-02 21:41:18"
255,"Square Signs LLC  Front SIGNS",3520,"Valhalla Dr,",Burbank,California,91505,"USA ",billing,,"2024-02-02 21:51:59","2024-02-02 21:51:59"
256,"Correa Masonry","2403 Fenwick Dr",,Dallas,TX,75228,USA,billing,,"2024-02-02 23:47:17","2024-02-02 23:47:17"
257,"Marietta Signs","2550 Sandy Plains Rd","Ste 225-353",Marietta,GA,30184,USA,billing,,"2024-02-03 00:13:29","2024-02-03 00:13:29"
258,"Signs & More Inc","3175 Hwy 411 NE",,White,GA,30184,USA,billing,,"2024-02-03 00:35:36","2024-02-03 00:35:36"
259,"Super Signs","3025 Nathan Ln",,Tallahassee,FL,32308,USA,billing,,"2024-02-05 17:15:37","2024-02-05 17:15:37"
260,"Supreme Sign Services","5915 New Bethant Rd","Suite A",Buford,GA,30518,USA,billing,,"2024-02-05 18:19:17","2024-02-05 18:19:17"
261,"Southern Sign Installation","6288 Briarwood Terrace ",,"Fort Myers",FL,33912,USA,billing,,"2024-02-05 18:50:23","2024-02-05 18:50:23"
262,"Major League Signs","10870 NW 138 St ","Unit 1","Hialeah Gardens",FL,33018,USA,billing,,"2024-02-05 19:01:11","2024-02-05 19:01:11"
263,"Signs Now Louisville","1700 Research Dr",,Louisville,KY,40299,USA,billing,,"2024-02-05 19:29:29","2024-02-05 19:29:29"
264,"Midwest Sign Company","550 Stanley Rd",,"Kansas City",KS,66115,USA,billing,,"2024-02-05 19:39:07","2024-02-05 19:39:07"
265,"Adams Sign Service","PO Box 443",,Gibsonville,NC,27249,USA,billing,,"2024-02-05 22:04:32","2024-02-05 22:04:32"
266,"Adams Sign Service","403 A Burlington Ave",,Gibsonville,NC,27249,USA,,,"2024-02-05 22:04:32","2024-02-05 22:04:32"
267,"Work Color SIgns","4854 Distribution Ct","Suite #8",Orlando,FL,32822,USA,billing,,"2024-02-06 15:30:46","2024-02-06 15:30:46"
268,"Home X Conrtracting Corp","1012 39th St",,Brooklyn,NY,11219,USA,billing,,"2024-02-06 15:44:06","2024-02-06 15:44:06"
269,"Signs Designed of Charlotte","5253 Old Dowd PD","Unit 6",Charlotte,NC,28208,USA,billing,,"2024-02-06 16:13:08","2024-02-06 16:13:08"
270,"Chesapeake Area Signs","24309 Asbury Dr",,Denton,MD,21629,USA,billing,,"2024-02-06 16:36:38","2024-02-06 16:36:38"
271,"The Carolina Signsmith","111 Creek Ridge Rd","Suite A","Greensboro ",NC,27406,USA,billing,,"2024-02-06 17:10:28","2024-02-06 17:10:28"
272,"Vida Signs LLC","12314 Caldwell Rd",,Charlotte,NC,28213,USA,billing,,"2024-02-06 17:27:26","2024-02-06 17:27:26"
273,"JSM Signs","3617 Blue Spruce Dr",,Evless,TX,76040,USA,billing,,"2024-02-06 17:53:12","2024-02-06 17:53:12"
274,"Monarch Sign & Graphics","16535 Hollister St #H",,Houston,TX,77066,USA,billing,,"2024-02-06 18:12:04","2024-02-06 18:12:04"
275,"NTS Signs","325 E Forest Ave",,"Sherman ",TX,75090,USA,billing,,"2024-02-06 18:22:15","2024-02-06 18:22:15"
276,"NTS Signs","1602 St Montgomery","Gate-3 Building 9","Sherman ",TX,75090,USA,,,"2024-02-06 18:22:15","2024-02-06 18:22:15"
277,"Tight Lines Holdings Group Inc","3148 Williamson Rd NW",,Roanoke,VA,24012,USA,billing,,"2024-02-06 20:21:11","2024-02-06 20:21:11"
278,"Cardinal Sign Corp","2629 Dean Dr",,"Virginia Beach",VA,23452,USA,billing,,"2024-02-06 21:03:27","2024-02-06 21:03:27"
279,"Modern Wall Systems","900 Commonwealth Pl","Suite 224 A","Virginia Beach",VA,23464,USA,billing,,"2024-02-06 21:43:52","2024-02-06 21:43:52"
280,"Davis Signs Utah","746 N Harrisville Rd",,"Ogden ",UT,84404,USA,billing,,"2024-02-06 22:13:42","2024-02-06 22:13:42"
281,Imagebrite,"PO Box 87 ",,Forest,VA,24551,USA,billing,,"2024-02-07 15:46:58","2024-02-07 15:46:58"
282,Imagebrite,"5164 Waterlick Rd",,Forest,VA,24551,USA,shipping,,"2024-02-07 15:46:58","2024-02-07 15:46:58"
283," Sign Services LLC","1634 SE 23rd",,"Oklahoma City",Oklahoma,73129,USA,billing,,"2024-02-07 19:49:15","2024-02-07 19:49:15"
284,"G&S Sign Services LLC","1634 SE 23rd",,"Oklahoma City",Oklahoma,73129,USA,billing,,"2024-02-07 20:04:07","2024-02-07 20:04:07"
285,"New Image Creative Sign Inc","4549 125th Ave SE",,Bellevue,Washington,98006,USA,billing,,"2024-02-07 20:21:57","2024-02-07 20:21:57"
286,"New Image Creative Sign Inc","27914 Hinklemamn Rd E",,"Buckley ",Washington,98006,USA,shipping,,"2024-02-07 20:21:57","2024-02-07 20:21:57"
287,"MSI Wall Systems LLC","3561 Peruvian Torch",,"Dr. Loveland",Colorado,80537,USA,billing,,"2024-02-07 20:55:32","2024-02-07 20:55:32"
288,"Red's Plaastering Inc","2317 South 15th Ave ",,Phoenix,AZ,85007,USA,billing,,"2024-02-07 22:33:16","2024-02-07 22:33:16"
289,"Mister Stucco LLC","4006 Tigris Ridge Dr",,Katy,TX,77449,USA,billing,,"2024-02-07 22:58:26","2024-02-07 22:58:26"
